expense_id,department_id,vendor_id,expense_date,expense_category,expense_amount,expense_month
1,2,25,2025-06-07,Salaries,36547.87,2025-06
2,2,38,2025-08-21,Equipment,33526.25,2025-08
3,8,39,2026-04-12,Salaries,44924.38,2026-04
4,1,30,2025-10-27,Office Supplies,58000.77,2025-10
5,4,8,2025-08-07,Training,20729.35,2025-08
6,4,40,2026-02-20,Salaries,59791.46,2026-02
7,3,25,2025-11-01,Software,4100.54,2025-11
8,5,15,2025-12-12,Utilities,56180.6,2025-12
9,8,38,2025-12-28,Equipment,79532.83,2025-12
10,1,24,2026-01-19,Software,78897.91,2026-01
11,3,15,2025-09-29,Consulting,3022.92,2025-09
12,2,40,2025-09-12,Training,14808.52,2025-09
13,2,39,2025-05-16,Travel,61383.3,2025-05
14,6,13,2025-11-12,Training,30269.64,2025-11
15,3,19,2026-03-31,Training,36158.7,2026-03
16,2,9,2025-09-08,Training,30363.82,2025-09
17,3,1,2025-07-14,Equipment,11072.69,2025-07
18,5,36,2025-11-10,Utilities,9931.34,2025-11
19,1,16,2025-07-26,Equipment,31748.16,2025-07
20,8,14,2025-09-19,Travel,58364.72,2025-09
21,4,15,2026-03-10,Marketing,66868.32,2026-03
22,7,11,2025-08-13,Salaries,78290.01,2025-08
23,6,18,2025-09-14,Consulting,54043.24,2025-09
24,1,12,2025-08-21,Equipment,34218.18,2025-08
25,4,27,2026-04-11,Training,65957.15,2026-04
26,3,38,2025-12-22,Marketing,37119.71,2025-12
27,6,29,2026-02-01,Travel,22414.15,2026-02
28,4,14,2026-04-11,Software,3061.28,2026-04
29,2,1,2025-08-20,Training,49386.39,2025-08
30,3,8,2025-12-06,Salaries,19632.97,2025-12
31,4,4,2025-05-08,Software,8521.29,2025-05
32,7,5,2025-11-21,Salaries,35992.06,2025-11
33,8,7,2025-07-18,Salaries,19956.37,2025-07
34,6,23,2025-06-07,Salaries,32480.1,2025-06
35,7,11,2025-08-06,Marketing,43410.9,2025-08
36,5,7,2026-02-08,Salaries,11640.78,2026-02
37,3,17,2025-10-09,Office Supplies,19115.84,2025-10
38,6,6,2025-11-10,Utilities,46409.25,2025-11
39,7,14,2025-12-06,Utilities,19333.87,2025-12
40,8,35,2026-02-23,Travel,78862.8,2026-02
41,1,33,2025-08-06,Equipment,18072.9,2025-08
42,3,28,2026-01-28,Office Supplies,22374.74,2026-01
43,1,3,2025-11-05,Equipment,75907.36,2025-11
44,1,14,2026-01-10,Travel,50266.45,2026-01
45,5,25,2026-02-05,Training,44690.13,2026-02
46,5,40,2025-11-11,Salaries,77797.07,2025-11
47,5,3,2025-10-26,Training,62971.47,2025-10
48,8,30,2026-03-08,Utilities,55856.52,2026-03
49,8,21,2025-05-11,Training,12362.8,2025-05
50,4,38,2025-06-10,Training,15118.38,2025-06
51,6,10,2025-08-27,Equipment,38144.75,2025-08
52,7,33,2025-07-30,Marketing,24408.55,2025-07
53,6,25,2025-10-09,Travel,64559.2,2025-10
54,8,34,2026-01-28,Salaries,45209.68,2026-01
55,2,39,2025-08-07,Training,44804.3,2025-08
56,8,15,2025-08-31,Travel,31379.31,2025-08
57,5,13,2026-01-17,Office Supplies,16665.27,2026-01
58,1,32,2025-12-16,Software,73816.98,2025-12
59,2,39,2025-09-25,Utilities,7850.89,2025-09
60,2,25,2025-11-04,Marketing,4597.16,2025-11
61,7,25,2025-12-05,Training,54056.92,2025-12
62,6,22,2025-11-27,Salaries,69952.83,2025-11
63,3,30,2025-09-15,Marketing,64469.72,2025-09
64,8,8,2025-10-17,Equipment,17752.81,2025-10
65,6,11,2026-02-18,Marketing,69623.17,2026-02
66,3,29,2025-12-04,Utilities,24603.45,2025-12
67,8,26,2025-09-10,Salaries,17338.72,2025-09
68,6,23,2025-09-18,Marketing,76985.17,2025-09
69,7,40,2026-02-01,Software,59876.9,2026-02
70,7,38,2025-10-28,Consulting,73198.08,2025-10
71,5,5,2025-08-18,Marketing,32032.25,2025-08
72,2,22,2025-09-01,Marketing,44390.3,2025-09
73,5,20,2025-08-10,Office Supplies,30762.61,2025-08
74,5,15,2025-08-02,Equipment,52073.35,2025-08
75,2,38,2025-06-20,Office Supplies,21294.15,2025-06
76,1,17,2026-02-09,Equipment,70683.55,2026-02
77,7,17,2025-07-18,Consulting,8339.35,2025-07
78,1,29,2025-09-04,Consulting,61049.5,2025-09
79,2,30,2025-06-20,Utilities,73189.27,2025-06
80,8,28,2026-02-17,Utilities,25377.3,2026-02
81,2,23,2025-11-29,Salaries,45220.72,2025-11
82,8,10,2026-02-25,Marketing,59429.56,2026-02
83,1,6,2026-01-28,Salaries,21231.54,2026-01
84,7,6,2025-07-15,Training,23967.79,2025-07
85,7,12,2025-07-18,Marketing,26724.29,2025-07
86,1,4,2025-07-28,Training,45798.27,2025-07
87,7,7,2026-02-15,Marketing,40194.47,2026-02
88,7,38,2025-11-09,Utilities,20957.48,2025-11
89,8,15,2025-08-20,Consulting,77337.41,2025-08
90,2,13,2026-02-10,Consulting,37135.91,2026-02
91,6,29,2025-12-19,Utilities,13956.62,2025-12
92,7,19,2026-02-24,Equipment,39321.15,2026-02
93,4,9,2025-11-24,Equipment,79230.72,2025-11
94,5,10,2025-12-22,Salaries,42153.58,2025-12
95,8,8,2025-08-22,Software,75642.45,2025-08
96,8,26,2025-06-13,Salaries,61264.94,2025-06
97,3,18,2026-03-24,Training,11430.58,2026-03
98,4,18,2025-07-19,Marketing,5903.45,2025-07
99,2,11,2025-08-28,Travel,1226.75,2025-08
100,4,35,2025-08-01,Equipment,36752.77,2025-08
101,8,24,2025-09-22,Salaries,49617.9,2025-09
102,8,14,2025-07-13,Consulting,52913.11,2025-07
103,6,37,2025-08-30,Salaries,1025.68,2025-08
104,3,35,2025-05-10,Equipment,33201.41,2025-05
105,4,19,2026-02-03,Salaries,42588.7,2026-02
106,4,1,2025-11-28,Office Supplies,43091.18,2025-11
107,1,19,2025-06-23,Office Supplies,1862.84,2025-06
108,8,2,2025-08-19,Training,64590.33,2025-08
109,5,5,2025-05-22,Travel,9007.81,2025-05
110,4,18,2025-05-26,Software,42188.64,2025-05
111,3,4,2025-12-05,Marketing,15758.6,2025-12
112,4,12,2025-08-26,Equipment,20567.25,2025-08
113,1,7,2026-01-30,Utilities,21752.32,2026-01
114,1,40,2025-06-23,Training,6782.03,2025-06
115,5,33,2026-01-07,Training,36990.32,2026-01
116,2,7,2026-04-07,Marketing,79223.53,2026-04
117,3,6,2026-02-21,Marketing,24347.98,2026-02
118,3,23,2025-11-11,Software,52471.99,2025-11
119,3,38,2025-06-13,Salaries,7933.29,2025-06
120,8,10,2026-04-08,Training,30484.98,2026-04
121,8,15,2025-05-09,Consulting,4961.14,2025-05
122,7,8,2025-12-13,Salaries,56376.19,2025-12
123,6,11,2025-08-23,Software,40238.74,2025-08
124,5,38,2025-11-03,Training,51770.13,2025-11
125,3,38,2025-11-06,Utilities,45485.6,2025-11
126,6,3,2025-10-23,Software,71635.9,2025-10
127,7,25,2025-09-14,Salaries,18766.44,2025-09
128,4,7,2025-07-15,Consulting,22052.06,2025-07
129,8,27,2025-05-24,Software,54912.09,2025-05
130,8,6,2025-08-11,Office Supplies,71995.28,2025-08
131,8,18,2026-05-05,Salaries,14758.68,2026-05
132,7,4,2026-04-04,Utilities,1744.82,2026-04
133,4,19,2025-11-06,Marketing,47169.37,2025-11
134,4,24,2025-06-18,Training,74345.56,2025-06
135,6,24,2026-03-20,Office Supplies,13414.79,2026-03
136,7,19,2025-05-30,Marketing,45552.33,2025-05
137,3,27,2025-10-07,Training,54324.28,2025-10
138,6,33,2025-11-11,Equipment,26872.52,2025-11
139,6,14,2025-06-02,Travel,63344.6,2025-06
140,1,38,2025-12-15,Software,40313.03,2025-12
141,3,19,2026-01-04,Utilities,4768.87,2026-01
142,6,17,2026-01-26,Training,18955.45,2026-01
143,6,3,2025-05-25,Software,27577.12,2025-05
144,2,8,2025-07-02,Training,77529.18,2025-07
145,5,15,2025-07-01,Utilities,2855.24,2025-07
146,2,5,2026-03-16,Office Supplies,62792.08,2026-03
147,2,33,2025-12-09,Consulting,39502.97,2025-12
148,8,35,2025-08-30,Utilities,44466.5,2025-08
149,2,5,2025-06-07,Training,34831.91,2025-06
150,3,11,2025-08-09,Training,7312.68,2025-08
151,7,22,2025-06-20,Office Supplies,63945.39,2025-06
152,8,40,2025-12-07,Software,7022.02,2025-12
153,5,34,2026-02-25,Travel,30710.0,2026-02
154,3,32,2025-10-13,Travel,59302.6,2025-10
155,4,27,2025-12-26,Utilities,29175.67,2025-12
156,3,1,2025-12-22,Software,913.02,2025-12
157,2,18,2026-03-08,Office Supplies,35856.5,2026-03
158,5,16,2025-12-31,Office Supplies,8627.4,2025-12
159,2,38,2025-07-31,Software,15397.65,2025-07
160,1,7,2026-03-02,Consulting,44780.31,2026-03
161,3,36,2025-11-23,Equipment,32939.51,2025-11
162,2,9,2025-09-29,Salaries,7624.7,2025-09
163,2,27,2025-10-26,Equipment,7898.61,2025-10
164,3,27,2026-04-22,Utilities,69165.6,2026-04
165,5,19,2025-10-23,Salaries,23701.86,2025-10
166,2,7,2025-08-28,Training,62443.94,2025-08
167,1,25,2026-04-04,Equipment,72464.0,2026-04
168,6,15,2025-12-19,Marketing,45970.85,2025-12
169,8,35,2025-10-18,Travel,54982.62,2025-10
170,5,17,2025-08-31,Travel,11537.78,2025-08
171,8,30,2025-12-11,Office Supplies,21838.34,2025-12
172,7,7,2026-01-01,Travel,5529.74,2026-01
173,8,31,2025-05-28,Training,22438.97,2025-05
174,8,2,2025-12-27,Office Supplies,38996.39,2025-12
175,7,9,2026-02-16,Software,29209.43,2026-02
176,2,17,2025-06-12,Marketing,57811.51,2025-06
177,3,31,2026-02-25,Consulting,47707.61,2026-02
178,1,20,2025-07-24,Marketing,36900.0,2025-07
179,1,13,2026-01-02,Travel,24720.31,2026-01
180,8,2,2025-07-25,Training,26911.27,2025-07
181,4,27,2025-08-15,Training,64424.08,2025-08
182,6,14,2026-01-16,Utilities,35497.72,2026-01
183,4,17,2025-06-05,Training,65330.3,2025-06
184,4,23,2025-07-04,Travel,24384.61,2025-07
185,3,26,2025-08-06,Marketing,38581.27,2025-08
186,2,31,2025-07-11,Travel,77183.68,2025-07
187,1,10,2025-12-05,Utilities,23670.13,2025-12
188,6,33,2025-06-03,Consulting,77437.17,2025-06
189,6,24,2025-07-04,Marketing,26407.96,2025-07
190,6,28,2025-05-06,Office Supplies,65411.31,2025-05
191,6,14,2025-10-10,Training,29518.74,2025-10
192,1,9,2025-10-26,Marketing,47582.05,2025-10
193,5,7,2026-01-27,Equipment,14804.21,2026-01
194,6,39,2025-12-21,Equipment,2639.83,2025-12
195,8,19,2025-11-03,Consulting,75466.51,2025-11
196,6,21,2025-08-26,Marketing,35357.17,2025-08
197,3,6,2025-05-17,Office Supplies,66586.9,2025-05
198,5,6,2025-08-02,Software,65607.76,2025-08
199,8,28,2025-08-24,Training,54001.72,2025-08
200,4,13,2026-02-03,Travel,50850.22,2026-02
201,6,23,2025-08-22,Marketing,20588.19,2025-08
202,7,29,2026-02-02,Travel,57361.29,2026-02
203,7,24,2026-04-03,Training,6380.23,2026-04
204,8,32,2025-10-28,Consulting,46788.4,2025-10
205,2,7,2025-06-01,Equipment,40775.71,2025-06
206,2,5,2026-01-26,Training,43719.79,2026-01
207,3,21,2025-08-03,Utilities,56279.93,2025-08
208,6,25,2026-04-28,Equipment,47708.69,2026-04
209,4,35,2025-08-15,Software,9194.87,2025-08
210,4,38,2026-03-06,Marketing,52779.33,2026-03
211,2,11,2026-03-08,Utilities,13723.91,2026-03
212,3,32,2026-01-02,Salaries,45276.01,2026-01
213,7,2,2025-12-20,Training,77361.49,2025-12
214,3,26,2026-01-16,Utilities,77274.48,2026-01
215,8,31,2026-03-13,Training,8922.59,2026-03
216,7,25,2026-05-02,Software,21069.7,2026-05
217,5,38,2025-07-20,Equipment,59874.82,2025-07
218,1,5,2025-10-17,Equipment,46651.2,2025-10
219,5,22,2025-06-18,Marketing,35939.39,2025-06
220,4,7,2025-12-02,Training,37313.53,2025-12
221,5,14,2025-07-31,Equipment,12484.22,2025-07
222,4,11,2026-01-11,Salaries,38880.3,2026-01
223,2,3,2025-07-01,Office Supplies,33570.05,2025-07
224,3,37,2026-04-22,Software,9727.51,2026-04
225,6,30,2025-08-16,Travel,28192.13,2025-08
226,4,15,2026-03-22,Utilities,36698.94,2026-03
227,5,39,2025-06-29,Marketing,41928.63,2025-06
228,1,21,2025-06-01,Utilities,38354.92,2025-06
229,8,14,2025-05-28,Consulting,57898.52,2025-05
230,6,11,2025-07-08,Consulting,25853.3,2025-07
231,1,40,2026-03-08,Office Supplies,4052.3,2026-03
232,6,31,2025-09-01,Software,2295.52,2025-09
233,4,9,2025-12-22,Utilities,52013.61,2025-12
234,7,15,2026-02-19,Travel,74428.83,2026-02
235,1,9,2026-03-21,Marketing,41521.52,2026-03
236,8,38,2025-12-12,Equipment,13230.79,2025-12
237,5,8,2026-04-27,Equipment,34396.37,2026-04
238,3,32,2025-08-25,Consulting,18932.52,2025-08
239,4,10,2025-10-22,Training,50565.95,2025-10
240,8,25,2025-06-22,Travel,51418.07,2025-06
241,2,30,2025-11-03,Training,31948.8,2025-11
242,2,28,2026-01-27,Marketing,36241.21,2026-01
243,5,8,2025-08-31,Training,31412.44,2025-08
244,1,34,2026-01-31,Marketing,16859.87,2026-01
245,6,4,2025-10-08,Software,46399.16,2025-10
246,4,17,2025-08-18,Equipment,15363.31,2025-08
247,2,7,2025-11-15,Utilities,16167.4,2025-11
248,8,29,2025-11-30,Software,21357.09,2025-11
249,7,38,2025-11-12,Consulting,42453.34,2025-11
250,8,9,2025-10-22,Utilities,47959.18,2025-10
251,5,23,2025-06-05,Training,47166.87,2025-06
252,3,39,2025-12-23,Utilities,28482.8,2025-12
253,8,1,2025-05-20,Consulting,49580.33,2025-05
254,2,15,2026-04-15,Office Supplies,73535.27,2026-04
255,2,28,2025-10-19,Software,53932.75,2025-10
256,6,35,2026-02-14,Utilities,9870.0,2026-02
257,2,7,2025-09-07,Office Supplies,9797.44,2025-09
258,5,12,2025-12-25,Utilities,55628.21,2025-12
259,2,18,2025-08-10,Equipment,31382.83,2025-08
260,7,8,2025-05-15,Travel,46197.08,2025-05
261,3,31,2025-06-09,Training,15267.42,2025-06
262,1,34,2025-08-01,Equipment,55627.92,2025-08
263,2,22,2026-01-21,Travel,44615.55,2026-01
264,3,9,2026-03-25,Consulting,23462.36,2026-03
265,3,25,2026-04-04,Travel,25509.11,2026-04
266,7,39,2025-12-14,Consulting,49743.09,2025-12
267,3,2,2025-12-19,Utilities,76171.44,2025-12
268,6,34,2025-05-13,Consulting,11354.51,2025-05
269,8,38,2026-02-26,Training,77124.41,2026-02
270,1,33,2026-01-21,Equipment,52419.05,2026-01
271,7,28,2026-03-20,Training,54933.39,2026-03
272,6,21,2025-08-17,Training,56956.32,2025-08
273,3,32,2025-12-14,Consulting,39351.61,2025-12
274,3,20,2025-05-20,Software,45449.13,2025-05
275,1,28,2026-02-25,Marketing,23721.15,2026-02
276,3,10,2026-02-22,Office Supplies,18375.05,2026-02
277,4,33,2025-07-12,Office Supplies,13872.61,2025-07
278,7,26,2025-11-03,Consulting,45469.21,2025-11
279,4,10,2025-11-22,Consulting,44203.23,2025-11
280,5,38,2026-01-13,Software,46030.77,2026-01
281,2,40,2025-10-23,Office Supplies,62121.49,2025-10
282,1,26,2026-04-25,Utilities,43592.45,2026-04
283,2,32,2025-08-21,Salaries,60920.33,2025-08
284,7,36,2025-07-14,Consulting,43935.09,2025-07
285,3,12,2025-12-18,Training,8642.11,2025-12
286,1,37,2025-10-21,Marketing,24167.86,2025-10
287,7,34,2026-01-06,Salaries,36253.72,2026-01
288,1,35,2026-03-17,Utilities,69044.87,2026-03
289,6,12,2025-11-11,Software,35406.06,2025-11
290,3,25,2025-06-09,Software,62162.72,2025-06
291,2,27,2025-11-03,Marketing,17185.31,2025-11
292,3,9,2025-09-17,Utilities,68953.37,2025-09
293,8,35,2025-10-10,Training,13695.54,2025-10
294,4,8,2025-09-11,Travel,62895.52,2025-09
295,5,25,2025-09-06,Marketing,64532.52,2025-09
296,2,32,2026-01-20,Utilities,42816.32,2026-01
297,7,32,2025-06-14,Equipment,13886.0,2025-06
298,4,3,2026-04-03,Office Supplies,23501.99,2026-04
299,8,33,2025-07-06,Office Supplies,76215.59,2025-07
300,3,9,2025-09-10,Equipment,78846.32,2025-09
301,8,8,2025-10-11,Software,11279.32,2025-10
302,1,28,2026-01-29,Training,73542.11,2026-01
303,3,25,2025-11-13,Office Supplies,69430.28,2025-11
304,3,9,2025-08-24,Travel,56263.41,2025-08
305,7,35,2026-01-17,Travel,20349.34,2026-01
306,3,5,2025-10-07,Utilities,66364.3,2025-10
307,3,31,2026-03-16,Training,39411.97,2026-03
308,8,35,2026-02-24,Office Supplies,50411.12,2026-02
309,8,34,2025-12-04,Training,36433.34,2025-12
310,3,38,2025-05-19,Software,32526.64,2025-05
311,8,13,2025-10-28,Office Supplies,55728.94,2025-10
312,6,27,2025-06-08,Utilities,36648.3,2025-06
313,3,27,2025-09-04,Consulting,26519.5,2025-09
314,4,25,2025-08-11,Salaries,69578.17,2025-08
315,8,4,2025-09-07,Software,58609.09,2025-09
316,7,5,2025-06-19,Consulting,50969.82,2025-06
317,3,23,2026-03-01,Utilities,68083.45,2026-03
318,1,20,2025-10-08,Equipment,32118.41,2025-10
319,2,28,2026-04-05,Training,66075.39,2026-04
320,2,24,2025-11-20,Consulting,21848.68,2025-11
321,6,12,2026-03-21,Office Supplies,27351.53,2026-03
322,8,3,2025-05-05,Travel,45508.3,2025-05
323,6,14,2026-01-15,Consulting,63170.14,2026-01
324,3,40,2026-04-07,Salaries,4152.46,2026-04
325,8,25,2025-12-01,Consulting,1794.37,2025-12
326,8,28,2025-10-31,Travel,35582.23,2025-10
327,6,8,2025-10-12,Salaries,79351.14,2025-10
328,3,8,2025-05-26,Training,16584.3,2025-05
329,5,23,2025-07-16,Travel,70630.75,2025-07
330,7,16,2025-11-22,Office Supplies,13138.71,2025-11
331,4,30,2025-09-22,Office Supplies,7920.53,2025-09
332,6,19,2026-01-01,Utilities,20405.95,2026-01
333,8,28,2026-02-22,Utilities,53328.45,2026-02
334,3,36,2025-11-14,Travel,4617.09,2025-11
335,3,2,2026-01-02,Office Supplies,58216.07,2026-01
336,8,9,2025-10-23,Marketing,34623.86,2025-10
337,7,32,2026-02-24,Software,56443.99,2026-02
338,6,33,2025-05-25,Salaries,17466.98,2025-05
339,2,33,2025-07-23,Software,11049.63,2025-07
340,2,13,2025-08-16,Marketing,41795.82,2025-08
341,7,26,2025-12-04,Consulting,1238.31,2025-12
342,5,10,2025-06-24,Utilities,65460.17,2025-06
343,7,33,2026-04-30,Training,55675.46,2026-04
344,4,4,2025-08-24,Consulting,6130.85,2025-08
345,5,38,2025-10-22,Training,7601.82,2025-10
346,2,7,2026-04-12,Software,8704.52,2026-04
347,4,17,2026-01-31,Utilities,70538.63,2026-01
348,5,31,2025-11-09,Travel,30926.32,2025-11
349,2,8,2025-06-21,Travel,51505.3,2025-06
350,8,25,2025-05-16,Travel,5938.72,2025-05
351,3,17,2026-01-04,Salaries,49020.38,2026-01
352,6,20,2025-12-27,Travel,35487.9,2025-12
353,2,9,2026-03-11,Marketing,50432.36,2026-03
354,4,24,2025-08-05,Travel,73631.58,2025-08
355,1,15,2026-02-04,Consulting,68867.02,2026-02
356,2,31,2025-07-05,Software,71779.14,2025-07
357,8,5,2025-09-02,Travel,60319.43,2025-09
358,3,16,2025-12-04,Training,28447.08,2025-12
359,6,19,2025-05-10,Training,25503.04,2025-05
360,6,35,2025-12-05,Travel,20199.02,2025-12
361,4,18,2025-10-10,Software,20229.28,2025-10
362,7,34,2025-06-10,Office Supplies,62428.09,2025-06
363,7,18,2025-07-31,Salaries,67907.42,2025-07
364,6,27,2026-03-27,Office Supplies,16832.93,2026-03
365,3,21,2026-04-24,Equipment,15497.4,2026-04
366,6,28,2025-06-18,Training,23995.59,2025-06
367,1,25,2025-10-31,Salaries,62812.23,2025-10
368,3,32,2025-06-19,Marketing,39843.57,2025-06
369,3,26,2026-01-11,Software,19666.0,2026-01
370,5,12,2026-03-24,Software,42498.78,2026-03
371,7,9,2025-07-03,Salaries,78957.16,2025-07
372,1,15,2025-11-14,Utilities,10992.64,2025-11
373,1,9,2026-05-02,Training,29550.29,2026-05
374,4,2,2026-02-07,Travel,61136.71,2026-02
375,7,33,2025-08-26,Software,1826.81,2025-08
376,8,35,2025-11-18,Software,1596.58,2025-11
377,3,28,2026-02-02,Marketing,3666.24,2026-02
378,1,6,2025-08-19,Salaries,75920.06,2025-08
379,5,13,2025-10-13,Training,40775.54,2025-10
380,3,37,2026-03-25,Equipment,61485.25,2026-03
381,4,28,2025-11-08,Training,56293.95,2025-11
382,6,11,2025-11-04,Software,51422.71,2025-11
383,3,8,2025-08-07,Equipment,49475.74,2025-08
384,4,14,2025-10-29,Office Supplies,7145.97,2025-10
385,1,38,2025-12-05,Software,41148.72,2025-12
386,4,32,2025-06-30,Marketing,77957.91,2025-06
387,4,5,2025-09-30,Travel,43143.02,2025-09
388,5,15,2025-07-18,Training,47121.75,2025-07
389,2,37,2026-04-28,Software,25158.47,2026-04
390,2,3,2025-12-23,Training,58531.69,2025-12
391,1,26,2025-11-18,Marketing,5103.52,2025-11
392,5,36,2026-02-18,Software,74007.91,2026-02
393,3,7,2026-04-11,Software,36543.06,2026-04
394,4,13,2025-06-27,Salaries,25088.56,2025-06
395,2,36,2026-04-05,Travel,9995.72,2026-04
396,4,14,2025-06-01,Travel,56269.22,2025-06
397,7,6,2025-08-20,Travel,39964.83,2025-08
398,8,34,2026-03-01,Utilities,42078.93,2026-03
399,2,2,2026-03-07,Office Supplies,13773.55,2026-03
400,8,5,2026-04-01,Travel,60107.22,2026-04
401,6,32,2025-10-13,Office Supplies,58768.4,2025-10
402,8,27,2025-09-13,Software,61828.71,2025-09
403,7,7,2026-05-02,Salaries,27133.38,2026-05
404,6,36,2026-03-06,Training,22122.46,2026-03
405,7,30,2025-11-18,Software,21404.5,2025-11
406,4,31,2025-08-16,Software,39943.73,2025-08
407,6,3,2026-03-19,Equipment,29129.85,2026-03
408,7,1,2025-05-05,Consulting,68819.1,2025-05
409,5,35,2025-08-22,Travel,29731.18,2025-08
410,6,30,2026-02-10,Office Supplies,61979.65,2026-02
411,3,19,2025-08-28,Software,18658.15,2025-08
412,8,30,2026-03-26,Equipment,704.2,2026-03
413,8,37,2025-12-18,Salaries,19941.84,2025-12
414,6,24,2025-12-16,Consulting,29436.13,2025-12
415,3,40,2026-01-16,Travel,14727.39,2026-01
416,3,15,2025-11-11,Salaries,44452.75,2025-11
417,8,34,2026-04-06,Training,18348.97,2026-04
418,3,1,2025-07-01,Marketing,33592.4,2025-07
419,2,6,2025-10-25,Utilities,22065.01,2025-10
420,7,19,2025-11-30,Software,45937.11,2025-11
421,1,14,2025-11-09,Software,40412.25,2025-11
422,7,28,2025-09-16,Salaries,14757.88,2025-09
423,3,20,2025-09-11,Equipment,78522.4,2025-09
424,7,36,2025-12-05,Training,5979.65,2025-12
425,3,24,2026-02-25,Consulting,69349.56,2026-02
426,3,23,2025-12-02,Office Supplies,26520.42,2025-12
427,7,16,2025-09-28,Equipment,36811.32,2025-09
428,5,9,2025-10-28,Utilities,16453.36,2025-10
429,5,25,2026-05-02,Office Supplies,59296.29,2026-05
430,5,10,2025-09-06,Marketing,37382.17,2025-09
431,1,25,2026-04-07,Consulting,79824.08,2026-04
432,6,21,2025-07-17,Marketing,58730.84,2025-07
433,6,11,2026-01-30,Equipment,60958.34,2026-01
434,7,11,2025-08-05,Marketing,12470.03,2025-08
435,1,38,2025-12-13,Training,2400.87,2025-12
436,5,32,2025-09-30,Equipment,28040.68,2025-09
437,5,11,2025-08-03,Salaries,76103.73,2025-08
438,6,36,2026-04-02,Salaries,60834.87,2026-04
439,5,11,2026-03-02,Training,67995.98,2026-03
440,6,18,2025-10-11,Office Supplies,8763.95,2025-10
441,3,12,2025-05-21,Equipment,78657.7,2025-05
442,8,40,2025-09-05,Training,39616.3,2025-09
443,1,12,2026-02-18,Salaries,77818.46,2026-02
444,5,12,2025-11-04,Travel,57076.37,2025-11
445,7,16,2026-02-02,Software,3990.07,2026-02
446,2,32,2026-04-24,Marketing,71834.35,2026-04
447,1,37,2026-03-16,Equipment,33338.02,2026-03
448,7,7,2025-09-30,Utilities,36947.41,2025-09
449,3,13,2025-10-01,Software,46671.26,2025-10
450,8,36,2026-01-17,Equipment,11114.35,2026-01
451,5,11,2026-03-08,Training,6449.02,2026-03
452,1,8,2026-03-19,Salaries,35081.14,2026-03
453,6,16,2026-01-13,Travel,19323.35,2026-01
454,8,26,2025-07-03,Office Supplies,68147.64,2025-07
455,7,33,2025-11-13,Training,56207.69,2025-11
456,7,9,2025-05-19,Utilities,25785.59,2025-05
457,5,25,2025-06-23,Office Supplies,19072.09,2025-06
458,6,5,2025-11-16,Marketing,11320.89,2025-11
459,1,9,2025-12-20,Software,12855.14,2025-12
460,5,7,2025-09-10,Travel,36240.56,2025-09
461,3,3,2026-04-07,Utilities,32817.75,2026-04
462,8,14,2025-06-12,Equipment,28983.85,2025-06
463,4,26,2026-04-09,Marketing,36427.41,2026-04
464,8,27,2026-03-29,Consulting,21568.13,2026-03
465,6,17,2025-10-22,Software,7688.46,2025-10
466,7,29,2025-06-12,Office Supplies,66197.74,2025-06
467,4,21,2025-11-25,Salaries,17594.15,2025-11
468,7,24,2026-04-23,Utilities,12291.74,2026-04
469,1,40,2025-10-29,Marketing,77487.8,2025-10
470,3,21,2025-05-10,Training,41320.04,2025-05
471,1,4,2026-02-09,Office Supplies,21183.26,2026-02
472,2,25,2025-06-29,Travel,2971.03,2025-06
473,4,16,2025-10-11,Training,68440.8,2025-10
474,4,22,2026-04-08,Equipment,59972.24,2026-04
475,4,9,2026-01-14,Marketing,8030.66,2026-01
476,2,34,2025-07-03,Software,64409.79,2025-07
477,6,27,2025-06-03,Travel,10155.53,2025-06
478,8,38,2025-11-03,Salaries,66514.6,2025-11
479,5,38,2026-03-04,Marketing,10891.86,2026-03
480,3,7,2025-08-15,Training,30093.06,2025-08
481,8,30,2025-09-13,Software,46794.74,2025-09
482,1,3,2026-01-02,Office Supplies,73435.57,2026-01
483,2,25,2026-01-29,Software,2233.11,2026-01
484,7,11,2025-10-06,Software,16221.15,2025-10
485,6,24,2026-01-12,Consulting,64839.24,2026-01
486,8,24,2025-06-05,Software,72453.7,2025-06
487,5,15,2026-03-31,Utilities,10240.95,2026-03
488,1,35,2025-09-09,Consulting,4525.7,2025-09
489,1,26,2026-04-01,Training,65823.99,2026-04
490,5,34,2026-01-21,Training,39942.05,2026-01
491,8,14,2026-04-03,Training,54815.43,2026-04
492,6,10,2025-11-28,Travel,28638.49,2025-11
493,3,40,2025-09-29,Travel,22361.05,2025-09
494,2,19,2025-09-04,Consulting,70732.19,2025-09
495,5,4,2026-01-03,Salaries,49321.47,2026-01
496,7,3,2026-02-08,Marketing,51958.63,2026-02
497,7,14,2026-04-14,Consulting,33253.38,2026-04
498,2,22,2026-02-23,Equipment,38582.96,2026-02
499,1,26,2025-11-10,Software,22742.19,2025-11
500,8,22,2026-04-08,Travel,33829.17,2026-04
501,4,19,2025-12-01,Equipment,20307.25,2025-12
502,4,28,2025-05-18,Equipment,63690.28,2025-05
503,2,32,2025-12-30,Training,62662.3,2025-12
504,7,21,2025-05-31,Utilities,38634.91,2025-05
505,5,40,2025-08-04,Consulting,27850.71,2025-08
506,6,5,2026-01-05,Equipment,26067.55,2026-01
507,2,27,2026-01-25,Office Supplies,14795.36,2026-01
508,6,2,2026-04-27,Utilities,47970.75,2026-04
509,7,20,2025-08-24,Salaries,71713.3,2025-08
510,6,8,2025-08-01,Office Supplies,5158.0,2025-08
511,3,21,2026-02-19,Consulting,42589.87,2026-02
512,6,27,2025-06-09,Marketing,77931.4,2025-06
513,4,3,2025-10-20,Software,20204.64,2025-10
514,4,19,2025-06-12,Marketing,21688.9,2025-06
515,1,2,2026-02-24,Salaries,61241.95,2026-02
516,5,13,2026-01-06,Marketing,46267.52,2026-01
517,6,16,2026-02-02,Training,28706.97,2026-02
518,7,12,2026-04-08,Travel,14499.98,2026-04
519,1,28,2025-06-13,Utilities,64593.71,2025-06
520,8,32,2025-10-24,Utilities,73161.41,2025-10
521,5,18,2025-07-08,Salaries,56424.5,2025-07
522,3,6,2026-01-29,Utilities,75830.92,2026-01
523,1,16,2025-08-29,Travel,45267.16,2025-08
524,2,2,2026-04-20,Marketing,67017.4,2026-04
525,1,33,2025-05-16,Consulting,43598.91,2025-05
526,1,6,2025-05-22,Travel,39489.7,2025-05
527,5,20,2025-09-07,Software,4965.35,2025-09
528,2,3,2026-03-10,Marketing,2084.28,2026-03
529,4,1,2025-05-26,Consulting,554.34,2025-05
530,7,17,2025-08-26,Marketing,64612.41,2025-08
531,3,36,2025-09-21,Utilities,57496.54,2025-09
532,8,11,2025-09-27,Utilities,5234.7,2025-09
533,5,33,2025-10-19,Travel,47135.43,2025-10
534,7,32,2025-06-30,Travel,62062.14,2025-06
535,5,34,2025-08-07,Equipment,68923.22,2025-08
536,5,7,2025-11-27,Software,30200.47,2025-11
537,4,29,2025-10-12,Training,47088.32,2025-10
538,5,26,2025-12-10,Utilities,24490.33,2025-12
539,2,7,2026-01-24,Travel,78080.92,2026-01
540,2,3,2026-03-08,Training,63451.48,2026-03
541,1,28,2025-07-13,Consulting,52109.83,2025-07
542,2,4,2025-07-10,Travel,56721.04,2025-07
543,5,9,2025-07-11,Equipment,55638.05,2025-07
544,2,35,2025-06-04,Utilities,18247.36,2025-06
545,3,15,2025-12-27,Travel,30581.54,2025-12
546,4,21,2026-04-08,Office Supplies,10624.19,2026-04
547,5,30,2025-09-30,Salaries,75928.65,2025-09
548,3,40,2025-12-31,Training,68135.18,2025-12
549,6,31,2026-01-25,Salaries,14975.5,2026-01
550,6,4,2025-08-06,Utilities,73722.54,2025-08
551,3,29,2025-11-14,Marketing,51351.92,2025-11
552,3,17,2026-04-24,Software,74966.68,2026-04
553,5,19,2025-12-17,Travel,26827.89,2025-12
554,4,26,2025-06-29,Software,19420.68,2025-06
555,8,32,2025-08-03,Utilities,13847.05,2025-08
556,6,15,2025-10-31,Software,65822.11,2025-10
557,3,33,2026-01-07,Utilities,36007.08,2026-01
558,8,34,2025-08-11,Office Supplies,17169.9,2025-08
559,4,36,2025-10-30,Software,28363.25,2025-10
560,5,9,2025-08-12,Software,57772.88,2025-08
561,5,16,2026-01-18,Salaries,31182.0,2026-01
562,4,21,2025-05-08,Training,77543.6,2025-05
563,4,13,2026-04-19,Training,39700.02,2026-04
564,3,14,2026-03-13,Training,28422.88,2026-03
565,1,23,2025-11-01,Training,8563.57,2025-11
566,6,1,2026-04-19,Consulting,63204.03,2026-04
567,4,19,2025-08-24,Marketing,13431.19,2025-08
568,5,16,2026-01-23,Software,64035.97,2026-01
569,4,3,2025-12-03,Salaries,23945.23,2025-12
570,8,36,2025-07-05,Utilities,21259.65,2025-07
571,7,5,2025-06-02,Software,6398.93,2025-06
572,8,28,2025-10-23,Travel,71090.54,2025-10
573,7,20,2025-09-16,Travel,58692.81,2025-09
574,2,5,2025-12-19,Equipment,75375.81,2025-12
575,7,39,2025-08-29,Software,27367.07,2025-08
576,5,22,2026-01-08,Consulting,56508.12,2026-01
577,3,27,2025-10-16,Training,75424.16,2025-10
578,1,28,2026-01-28,Travel,48781.75,2026-01
579,3,2,2025-08-10,Training,12989.75,2025-08
580,5,7,2025-10-29,Software,26822.02,2025-10
581,4,34,2026-03-29,Marketing,33037.75,2026-03
582,5,31,2025-08-30,Equipment,57902.03,2025-08
583,1,4,2025-07-21,Equipment,21588.55,2025-07
584,7,11,2025-10-01,Office Supplies,24143.35,2025-10
585,8,31,2026-04-01,Software,4446.02,2026-04
586,3,37,2025-11-08,Equipment,67268.43,2025-11
587,2,26,2025-06-15,Travel,4833.14,2025-06
588,7,26,2025-08-05,Salaries,34494.67,2025-08
589,2,13,2025-09-30,Office Supplies,65999.84,2025-09
590,4,6,2025-12-13,Consulting,16374.15,2025-12
591,4,15,2025-09-21,Salaries,16952.76,2025-09
592,8,17,2025-12-14,Office Supplies,78176.09,2025-12
593,1,25,2025-08-27,Consulting,67579.64,2025-08
594,2,26,2026-01-31,Office Supplies,62897.69,2026-01
595,8,4,2025-08-27,Consulting,39383.2,2025-08
596,4,25,2025-05-13,Office Supplies,7745.38,2025-05
597,4,1,2026-03-23,Equipment,31308.41,2026-03
598,5,11,2026-01-15,Utilities,70896.67,2026-01
599,4,13,2025-10-05,Utilities,15333.34,2025-10
600,7,29,2025-08-19,Salaries,21432.03,2025-08
601,8,2,2025-05-08,Consulting,21440.36,2025-05
602,6,14,2025-12-10,Office Supplies,45357.6,2025-12
603,7,13,2026-04-05,Travel,60302.69,2026-04
604,6,19,2026-01-26,Software,7313.73,2026-01
605,6,6,2026-03-03,Utilities,64750.32,2026-03
606,8,16,2026-02-18,Training,77671.09,2026-02
607,2,13,2025-05-24,Marketing,44511.35,2025-05
608,7,23,2026-04-23,Training,65563.21,2026-04
609,7,25,2025-12-26,Training,77267.4,2025-12
610,5,25,2026-02-18,Consulting,46030.79,2026-02
611,6,37,2025-11-13,Marketing,38362.85,2025-11
612,3,34,2026-03-24,Software,31886.95,2026-03
613,8,7,2026-04-21,Salaries,40417.07,2026-04
614,6,34,2026-04-20,Equipment,64135.8,2026-04
615,7,8,2025-08-24,Travel,10062.41,2025-08
616,6,2,2026-03-02,Consulting,14243.88,2026-03
617,4,35,2026-03-11,Travel,77787.11,2026-03
618,7,5,2025-08-02,Marketing,10531.79,2025-08
619,7,21,2025-12-26,Training,6730.3,2025-12
620,2,22,2026-03-12,Training,16552.58,2026-03
621,5,32,2025-09-18,Travel,66811.6,2025-09
622,4,11,2025-07-29,Office Supplies,25920.08,2025-07
623,2,7,2026-01-07,Software,7418.68,2026-01
624,3,37,2025-07-17,Equipment,32089.72,2025-07
625,7,5,2026-01-01,Utilities,68601.62,2026-01
626,2,6,2025-08-10,Equipment,36923.5,2025-08
627,1,29,2026-01-23,Salaries,63030.78,2026-01
628,4,16,2026-02-22,Equipment,62644.01,2026-02
629,2,21,2026-02-08,Software,33448.17,2026-02
630,6,25,2026-02-27,Travel,45544.22,2026-02
631,1,38,2026-01-16,Software,74031.79,2026-01
632,4,36,2026-01-24,Software,62966.78,2026-01
633,2,36,2026-03-26,Equipment,70470.79,2026-03
634,8,39,2025-06-27,Training,21498.86,2025-06
635,1,13,2026-01-03,Consulting,45975.85,2026-01
636,3,10,2025-06-11,Consulting,3478.52,2025-06
637,8,31,2026-04-20,Office Supplies,32536.43,2026-04
638,3,12,2026-01-03,Training,3583.21,2026-01
639,8,11,2026-01-11,Utilities,55395.84,2026-01
640,3,4,2025-05-20,Salaries,59787.11,2025-05
641,1,35,2025-09-01,Office Supplies,71813.99,2025-09
642,3,14,2026-03-07,Salaries,27360.35,2026-03
643,2,19,2025-10-23,Office Supplies,25220.47,2025-10
644,5,13,2025-05-17,Consulting,68729.67,2025-05
645,3,28,2025-12-16,Software,77813.48,2025-12
646,7,12,2025-09-23,Marketing,11183.65,2025-09
647,2,8,2026-02-13,Consulting,62035.46,2026-02
648,3,5,2025-06-25,Utilities,21918.89,2025-06
649,4,30,2025-06-09,Training,48595.84,2025-06
650,6,30,2026-04-23,Software,15440.89,2026-04
651,8,24,2025-08-27,Marketing,73117.91,2025-08
652,6,8,2025-09-08,Training,59405.11,2025-09
653,3,23,2026-02-19,Equipment,69441.52,2026-02
654,2,8,2025-10-13,Salaries,41463.94,2025-10
655,1,35,2025-07-12,Travel,5716.55,2025-07
656,4,16,2025-07-21,Equipment,32569.12,2025-07
657,1,28,2025-06-25,Equipment,70406.94,2025-06
658,8,6,2026-03-06,Salaries,14312.12,2026-03
659,4,18,2025-11-30,Marketing,67039.65,2025-11
660,4,39,2026-04-10,Marketing,3129.15,2026-04
661,6,17,2025-09-24,Salaries,73483.47,2025-09
662,7,2,2025-11-27,Marketing,22281.21,2025-11
663,5,5,2025-11-15,Consulting,40657.55,2025-11
664,4,36,2026-04-24,Software,54653.36,2026-04
665,5,37,2025-08-18,Marketing,30111.11,2025-08
666,3,10,2026-03-23,Consulting,14617.9,2026-03
667,2,15,2025-07-07,Consulting,47156.98,2025-07
668,7,35,2025-08-12,Utilities,27867.8,2025-08
669,7,28,2026-04-24,Office Supplies,60042.41,2026-04
670,7,12,2026-03-21,Software,23163.02,2026-03
671,8,10,2025-11-08,Training,4447.26,2025-11
672,2,16,2026-03-14,Marketing,68640.34,2026-03
673,3,13,2025-08-27,Marketing,54376.77,2025-08
674,8,20,2026-02-18,Office Supplies,52301.19,2026-02
675,3,23,2026-04-08,Equipment,2094.16,2026-04
676,8,40,2025-09-13,Salaries,38190.73,2025-09
677,6,2,2026-03-13,Travel,51966.04,2026-03
678,5,6,2025-06-18,Salaries,18289.72,2025-06
679,3,38,2025-11-02,Office Supplies,57162.87,2025-11
680,1,21,2025-06-03,Office Supplies,34192.64,2025-06
681,2,28,2025-06-28,Training,68201.1,2025-06
682,2,10,2026-02-21,Consulting,20533.9,2026-02
683,3,2,2025-07-31,Consulting,24520.53,2025-07
684,6,37,2026-04-04,Equipment,66032.71,2026-04
685,3,5,2026-01-22,Training,46966.73,2026-01
686,6,40,2026-02-10,Salaries,41165.34,2026-02
687,6,35,2026-01-21,Utilities,45135.84,2026-01
688,2,23,2025-10-06,Office Supplies,24228.84,2025-10
689,7,34,2026-03-29,Software,38798.2,2026-03
690,1,7,2026-03-13,Utilities,79074.7,2026-03
691,8,17,2025-12-07,Utilities,68988.58,2025-12
692,4,40,2025-09-24,Office Supplies,52661.51,2025-09
693,3,32,2025-06-09,Office Supplies,15474.63,2025-06
694,4,28,2026-03-08,Equipment,61355.21,2026-03
695,2,7,2025-10-05,Salaries,64531.67,2025-10
696,2,15,2025-05-10,Training,53012.16,2025-05
697,1,8,2025-08-15,Travel,57842.01,2025-08
698,8,16,2025-11-29,Consulting,79798.79,2025-11
699,5,29,2025-06-21,Office Supplies,72599.47,2025-06
700,7,8,2025-10-28,Training,31367.86,2025-10
701,1,13,2025-09-25,Salaries,46850.38,2025-09
702,5,1,2026-01-21,Marketing,27781.78,2026-01
703,5,14,2026-02-19,Marketing,55062.29,2026-02
704,1,22,2026-01-21,Consulting,72568.86,2026-01
705,2,39,2025-08-14,Utilities,40831.53,2025-08
706,7,12,2025-12-18,Travel,67330.78,2025-12
707,4,13,2025-09-29,Equipment,14900.3,2025-09
708,1,24,2026-03-20,Software,37927.08,2026-03
709,8,19,2026-01-07,Office Supplies,58152.34,2026-01
710,2,29,2026-05-05,Equipment,61152.0,2026-05
711,3,18,2025-09-26,Travel,75780.41,2025-09
712,8,27,2025-06-16,Utilities,52527.55,2025-06
713,2,26,2026-01-22,Marketing,28745.03,2026-01
714,6,10,2025-08-03,Office Supplies,33927.57,2025-08
715,1,12,2025-11-04,Utilities,30048.75,2025-11
716,7,19,2025-05-14,Office Supplies,37368.97,2025-05
717,8,33,2025-12-31,Software,37907.66,2025-12
718,7,5,2026-04-13,Software,38041.46,2026-04
719,6,5,2025-12-09,Marketing,40287.95,2025-12
720,6,31,2025-09-09,Training,42622.16,2025-09
721,4,13,2026-04-25,Training,4797.93,2026-04
722,3,21,2025-12-27,Travel,11420.54,2025-12
723,3,10,2025-07-29,Marketing,27742.26,2025-07
724,7,35,2026-01-11,Consulting,11886.32,2026-01
725,1,14,2025-05-29,Travel,62425.82,2025-05
726,6,37,2026-01-06,Consulting,26944.04,2026-01
727,7,36,2026-03-20,Travel,25416.42,2026-03
728,6,25,2025-11-01,Salaries,874.72,2025-11
729,1,3,2026-04-23,Office Supplies,17145.9,2026-04
730,2,40,2026-02-01,Travel,46314.17,2026-02
731,3,11,2025-08-30,Travel,39421.38,2025-08
732,3,14,2026-01-12,Software,10787.77,2026-01
733,6,16,2025-10-10,Training,50862.26,2025-10
734,2,7,2025-06-19,Training,34607.52,2025-06
735,2,14,2025-06-28,Consulting,30973.66,2025-06
736,2,26,2025-05-22,Salaries,42935.72,2025-05
737,1,14,2025-05-19,Utilities,76030.45,2025-05
738,8,29,2025-08-31,Utilities,60669.4,2025-08
739,2,15,2025-11-12,Equipment,15650.85,2025-11
740,4,5,2025-06-19,Salaries,50321.61,2025-06
741,7,23,2025-06-11,Marketing,18488.12,2025-06
742,8,25,2025-08-04,Utilities,25311.33,2025-08
743,6,38,2026-04-14,Software,30992.26,2026-04
744,2,25,2025-11-29,Office Supplies,13778.1,2025-11
745,5,22,2025-06-26,Salaries,24207.08,2025-06
746,6,18,2025-10-02,Office Supplies,36746.14,2025-10
747,4,13,2025-10-28,Equipment,47911.41,2025-10
748,5,22,2025-09-26,Utilities,34976.39,2025-09
749,5,29,2026-01-20,Travel,27747.26,2026-01
750,3,20,2026-02-17,Consulting,29060.45,2026-02
751,5,30,2026-01-30,Marketing,13608.24,2026-01
752,3,28,2025-11-30,Training,2020.42,2025-11
753,8,23,2025-10-14,Marketing,58309.92,2025-10
754,1,38,2025-12-19,Travel,17289.62,2025-12
755,5,39,2026-02-17,Salaries,47380.58,2026-02
756,5,24,2026-02-11,Travel,10291.38,2026-02
757,3,27,2025-07-04,Salaries,30327.8,2025-07
758,3,28,2026-04-13,Office Supplies,61814.35,2026-04
759,3,36,2025-10-13,Salaries,47716.96,2025-10
760,7,38,2026-01-14,Salaries,53126.61,2026-01
761,6,1,2025-06-12,Salaries,4334.69,2025-06
762,3,16,2026-03-24,Software,33633.66,2026-03
763,4,32,2025-11-11,Training,10325.81,2025-11
764,3,36,2025-12-30,Office Supplies,38214.51,2025-12
765,8,2,2025-10-10,Travel,16836.85,2025-10
766,1,19,2026-05-04,Salaries,24438.76,2026-05
767,1,28,2025-08-21,Software,53167.4,2025-08
768,3,33,2025-05-17,Office Supplies,50012.42,2025-05
769,5,3,2026-01-28,Travel,33796.65,2026-01
770,1,22,2025-09-25,Software,41170.99,2025-09
771,2,14,2025-07-28,Software,22975.19,2025-07
772,4,12,2025-10-24,Software,40070.26,2025-10
773,2,25,2025-10-24,Marketing,62347.73,2025-10
774,6,31,2025-08-04,Equipment,77863.02,2025-08
775,6,26,2026-04-02,Utilities,56423.22,2026-04
776,8,20,2025-09-22,Office Supplies,13249.7,2025-09
777,4,37,2025-06-12,Equipment,39960.2,2025-06
778,8,5,2026-01-26,Marketing,55212.21,2026-01
779,4,40,2025-09-24,Consulting,26782.99,2025-09
780,1,12,2025-12-02,Salaries,1513.58,2025-12
781,3,1,2026-04-20,Software,72596.96,2026-04
782,7,17,2026-01-10,Consulting,12356.99,2026-01
783,2,3,2025-09-21,Software,62472.33,2025-09
784,3,27,2025-05-28,Software,58023.31,2025-05
785,1,1,2025-10-06,Software,72429.96,2025-10
786,2,38,2025-08-20,Marketing,36811.72,2025-08
787,4,26,2025-07-17,Office Supplies,21497.94,2025-07
788,5,28,2025-06-21,Salaries,8434.81,2025-06
789,1,9,2026-03-30,Travel,69994.17,2026-03
790,7,23,2026-03-21,Office Supplies,29137.07,2026-03
791,8,24,2025-10-28,Utilities,34366.62,2025-10
792,4,31,2025-06-09,Software,8052.38,2025-06
793,1,2,2026-01-17,Salaries,1268.95,2026-01
794,1,1,2025-07-26,Travel,53236.72,2025-07
795,1,36,2026-01-09,Travel,26628.54,2026-01
796,5,27,2026-01-08,Consulting,76429.59,2026-01
797,2,18,2025-12-22,Office Supplies,70338.81,2025-12
798,6,1,2025-05-13,Software,30123.46,2025-05
799,1,39,2025-05-24,Utilities,15038.12,2025-05
800,6,7,2026-03-06,Training,32319.89,2026-03
801,2,33,2025-09-11,Consulting,22110.73,2025-09
802,6,37,2025-08-07,Training,55347.24,2025-08
803,3,6,2025-06-22,Consulting,64091.98,2025-06
804,8,16,2026-03-06,Travel,9488.0,2026-03
805,1,10,2025-12-10,Salaries,78534.75,2025-12
806,6,26,2025-07-23,Travel,8745.19,2025-07
807,6,33,2025-05-31,Consulting,64280.05,2025-05
808,7,35,2026-03-23,Consulting,14910.21,2026-03
809,2,19,2026-02-26,Training,62443.56,2026-02
810,1,8,2025-12-06,Salaries,69074.77,2025-12
811,3,32,2025-07-24,Travel,38904.83,2025-07
812,4,31,2025-12-18,Consulting,9478.53,2025-12
813,5,7,2025-07-27,Training,35534.69,2025-07
814,6,15,2026-03-16,Software,21298.22,2026-03
815,3,23,2026-04-07,Utilities,1482.64,2026-04
816,2,28,2025-08-03,Equipment,61518.53,2025-08
817,2,6,2025-09-09,Marketing,78242.7,2025-09
818,2,16,2026-03-01,Utilities,41768.42,2026-03
819,4,39,2025-07-01,Software,34911.41,2025-07
820,6,36,2026-03-07,Marketing,38813.41,2026-03
821,7,1,2026-04-19,Training,12318.03,2026-04
822,5,6,2025-12-22,Equipment,71418.92,2025-12
823,4,17,2025-05-06,Salaries,1425.77,2025-05
824,3,28,2025-08-20,Travel,40692.62,2025-08
825,1,38,2026-04-03,Consulting,68223.76,2026-04
826,6,10,2025-06-30,Travel,6451.79,2025-06
827,2,21,2025-06-24,Consulting,25990.39,2025-06
828,6,14,2025-11-30,Utilities,77626.53,2025-11
829,5,13,2025-08-10,Salaries,40800.88,2025-08
830,4,21,2026-03-11,Equipment,51643.73,2026-03
831,2,12,2025-07-11,Training,65459.71,2025-07
832,6,37,2025-06-16,Software,36998.02,2025-06
833,2,13,2026-01-16,Consulting,7497.58,2026-01
834,3,26,2026-04-06,Consulting,36041.92,2026-04
835,5,25,2025-05-15,Software,78463.32,2025-05
836,6,34,2025-06-25,Salaries,8660.14,2025-06
837,1,23,2025-05-10,Training,3348.64,2025-05
838,1,13,2025-09-21,Equipment,513.49,2025-09
839,4,2,2026-03-07,Software,63446.77,2026-03
840,8,8,2026-03-07,Office Supplies,71263.82,2026-03
841,4,23,2025-08-05,Equipment,16944.67,2025-08
842,2,31,2025-12-19,Consulting,76053.23,2025-12
843,6,8,2025-09-07,Utilities,66112.22,2025-09
844,4,36,2025-05-11,Marketing,67623.24,2025-05
845,3,13,2025-07-11,Utilities,45031.99,2025-07
846,3,12,2025-08-16,Consulting,57474.32,2025-08
847,1,25,2025-05-25,Utilities,57415.12,2025-05
848,8,3,2025-06-23,Software,8246.24,2025-06
849,8,37,2026-02-17,Marketing,674.66,2026-02
850,2,33,2025-10-15,Utilities,66475.77,2025-10
851,5,16,2025-11-25,Office Supplies,44041.4,2025-11
852,7,24,2025-06-18,Utilities,56316.64,2025-06
853,5,15,2026-02-18,Salaries,71801.73,2026-02
854,4,14,2025-05-29,Consulting,11665.71,2025-05
855,3,29,2025-11-05,Training,9003.44,2025-11
856,3,35,2025-10-26,Marketing,15409.7,2025-10
857,1,3,2026-03-03,Training,17639.37,2026-03
858,7,31,2025-09-22,Marketing,57484.64,2025-09
859,5,34,2025-11-20,Software,60693.37,2025-11
860,6,11,2025-12-21,Salaries,74166.81,2025-12
861,4,13,2025-06-16,Software,61885.54,2025-06
862,7,39,2025-10-27,Consulting,36862.34,2025-10
863,4,36,2025-11-16,Equipment,11203.56,2025-11
864,2,32,2025-07-30,Consulting,844.84,2025-07
865,8,39,2025-12-29,Salaries,44481.49,2025-12
866,4,37,2025-05-21,Training,67185.88,2025-05
867,6,22,2026-02-11,Consulting,73987.48,2026-02
868,1,3,2026-03-05,Travel,55499.51,2026-03
869,5,33,2026-04-22,Travel,58574.33,2026-04
870,1,4,2026-04-06,Travel,8732.54,2026-04
871,4,21,2026-01-15,Utilities,40576.75,2026-01
872,1,34,2025-11-23,Training,33783.85,2025-11
873,8,8,2025-08-30,Marketing,22250.87,2025-08
874,3,39,2025-10-29,Utilities,77654.09,2025-10
875,4,3,2026-01-09,Consulting,64481.35,2026-01
876,2,30,2025-05-17,Travel,33313.27,2025-05
877,5,34,2025-05-28,Equipment,24263.59,2025-05
878,5,19,2025-11-07,Equipment,68926.25,2025-11
879,5,36,2026-03-30,Equipment,50790.37,2026-03
880,6,25,2025-10-07,Marketing,17172.16,2025-10
881,3,26,2025-10-17,Office Supplies,55085.6,2025-10
882,1,38,2026-01-26,Travel,78516.17,2026-01
883,6,15,2025-06-15,Travel,40559.53,2025-06
884,8,16,2025-11-11,Utilities,56973.04,2025-11
885,7,23,2026-02-05,Utilities,45201.28,2026-02
886,5,30,2026-04-23,Training,54102.36,2026-04
887,1,37,2025-10-24,Equipment,23231.27,2025-10
888,6,23,2025-06-02,Training,64760.23,2025-06
889,7,15,2026-04-19,Equipment,8964.4,2026-04
890,5,19,2025-06-05,Training,12053.47,2025-06
891,3,23,2025-09-07,Salaries,16392.24,2025-09
892,2,13,2025-12-27,Travel,78690.83,2025-12
893,1,9,2025-07-01,Office Supplies,12141.06,2025-07
894,5,14,2025-05-30,Salaries,55402.29,2025-05
895,2,11,2025-06-23,Office Supplies,16718.07,2025-06
896,5,31,2025-08-19,Equipment,3068.36,2025-08
897,6,35,2026-01-02,Consulting,8647.16,2026-01
898,3,30,2026-01-05,Equipment,69254.9,2026-01
899,6,35,2025-12-18,Equipment,31416.49,2025-12
900,3,14,2025-12-03,Equipment,62852.42,2025-12
